[
  {
    "id": "401079ef-1b79-4cb3-a759-6857cdde5219",
    "data": [
      {
        "text": "what\u0027s playing right now",
        "userDefined": false
      }
    ],
    "isTemplate": false,
    "count": 0
  },
  {
    "id": "d2dc7b2e-f676-4c4d-b667-de6e06603f85",
    "data": [
      {
        "text": "what\u0027s airing right now",
        "userDefined": false
      }
    ],
    "isTemplate": false,
    "count": 0
  },
  {
    "id": "7e341c3e-6167-4e88-bc6c-7cd5d08eafe6",
    "data": [
      {
        "text": "what\u0027s airing ",
        "userDefined": false
      },
      {
        "text": "today",
        "meta": "@sys.ignore",
        "userDefined": false
      }
    ],
    "isTemplate": false,
    "count": 0
  },
  {
    "id": "5f3900bc-43ad-4e48-aeb3-0b6e4c80871f",
    "data": [
      {
        "text": "what is airing right now",
        "userDefined": false
      }
    ],
    "isTemplate": false,
    "count": 0
  },
  {
    "id": "cd15f8d4-4ae4-49af-b81e-a65c8a4c27da",
    "data": [
      {
        "text": "what anime shows are airing right now",
        "userDefined": false
      }
    ],
    "isTemplate": false,
    "count": 0
  },
  {
    "id": "8228117d-f407-473c-91eb-bac4e605210f",
    "data": [
      {
        "text": "what anime shows are airing ",
        "userDefined": false
      },
      {
        "text": "today",
        "meta": "@sys.ignore",
        "userDefined": false
      },
      {
        "text": "?",
        "userDefined": false
      }
    ],
    "isTemplate": false,
    "count": 0
  },
  {
    "id": "c805ef55-6662-455a-9f35-e13e7056736d",
    "data": [
      {
        "text": "what\u0027s playing ",
        "userDefined": false
      },
      {
        "text": "today",
        "meta": "@sys.ignore",
        "userDefined": false
      }
    ],
    "isTemplate": false,
    "count": 0
  }
]