[
  {
    "id": "5b930571-109d-4e6b-9dd7-38ac291f0db5",
    "data": [
      {
        "text": "what\u0027s coming on ",
        "userDefined": false
      },
      {
        "text": "tomorrow",
        "alias": "date",
        "meta": "@sys.date",
        "userDefined": false
      }
    ],
    "isTemplate": false,
    "count": 1
  },
  {
    "id": "2ed2a821-ea1f-4327-8e85-ea58de1b28e1",
    "data": [
      {
        "text": "what\u0027s new ",
        "userDefined": false
      },
      {
        "text": "tomorrow",
        "alias": "date",
        "meta": "@sys.date",
        "userDefined": false
      }
    ],
    "isTemplate": false,
    "count": 0
  },
  {
    "id": "d7102346-f7ad-4824-aa30-6c0f7b8e496a",
    "data": [
      {
        "text": "what anime is ",
        "userDefined": false
      },
      {
        "text": "on tomorrow",
        "alias": "date",
        "meta": "@sys.date",
        "userDefined": false
      }
    ],
    "isTemplate": false,
    "count": 0
  },
  {
    "id": "7c2a4a99-8c3b-4af8-8cf7-3954b6fa3c6a",
    "data": [
      {
        "text": "what\u0027s playing ",
        "userDefined": false
      },
      {
        "text": "tomorrow",
        "alias": "date",
        "meta": "@sys.date",
        "userDefined": false
      }
    ],
    "isTemplate": false,
    "count": 0
  },
  {
    "id": "146e30f2-afdc-458d-9763-57bbd43af9e8",
    "data": [
      {
        "text": "what\u0027s airing ",
        "userDefined": false
      },
      {
        "text": "tomorrow",
        "alias": "date",
        "meta": "@sys.date",
        "userDefined": false
      }
    ],
    "isTemplate": false,
    "count": 0
  }
]