[
  {
    "id": "b2a3bdb1-c737-4b5d-ae35-10ce0948eb6c",
    "data": [
      {
        "text": "what\u0027s coming on ",
        "userDefined": false
      },
      {
        "text": "tomorrow",
        "alias": "date",
        "meta": "@sys.date",
        "userDefined": false
      }
    ],
    "isTemplate": false,
    "count": 1
  },
  {
    "id": "a660a0ac-2881-443c-b052-a82160cfb0bb",
    "data": [
      {
        "text": "what\u0027s new ",
        "userDefined": false
      },
      {
        "text": "tomorrow",
        "alias": "date",
        "meta": "@sys.date",
        "userDefined": false
      }
    ],
    "isTemplate": false,
    "count": 0
  },
  {
    "id": "f05883b7-2b14-40d3-bcd3-b2f9545df0cc",
    "data": [
      {
        "text": "what anime is ",
        "userDefined": false
      },
      {
        "text": "on tomorrow",
        "alias": "date",
        "meta": "@sys.date",
        "userDefined": false
      }
    ],
    "isTemplate": false,
    "count": 0
  },
  {
    "id": "a8b13fc3-cc44-4c95-b00a-a99a9b2a284a",
    "data": [
      {
        "text": "what\u0027s playing ",
        "userDefined": false
      },
      {
        "text": "tomorrow",
        "alias": "date",
        "meta": "@sys.date",
        "userDefined": false
      }
    ],
    "isTemplate": false,
    "count": 0
  },
  {
    "id": "afeba337-e4f4-4392-9a1d-203edb6acffd",
    "data": [
      {
        "text": "what\u0027s airing ",
        "userDefined": false
      },
      {
        "text": "tomorrow",
        "alias": "date",
        "meta": "@sys.date",
        "userDefined": false
      }
    ],
    "isTemplate": false,
    "count": 0
  }
]