[
  {
    "id": "5167afc0-c0cb-42bf-b3c5-dcb8187d94e7",
    "data": [
      {
        "text": "what\u0027s coming on ",
        "userDefined": false
      },
      {
        "text": "tomorrow",
        "alias": "date",
        "meta": "@sys.date",
        "userDefined": false
      }
    ],
    "isTemplate": false,
    "count": 1
  },
  {
    "id": "4d0387a4-ce5a-4c1b-aed3-ed089c71b449",
    "data": [
      {
        "text": "what\u0027s new ",
        "userDefined": false
      },
      {
        "text": "tomorrow",
        "alias": "date",
        "meta": "@sys.date",
        "userDefined": false
      }
    ],
    "isTemplate": false,
    "count": 0
  },
  {
    "id": "8e8f9529-9306-45ec-975c-40b2653e78be",
    "data": [
      {
        "text": "what anime is ",
        "userDefined": false
      },
      {
        "text": "on tomorrow",
        "alias": "date",
        "meta": "@sys.date",
        "userDefined": false
      }
    ],
    "isTemplate": false,
    "count": 0
  },
  {
    "id": "c68bdd72-5d38-441c-8c90-a297c97acf79",
    "data": [
      {
        "text": "what\u0027s playing ",
        "userDefined": false
      },
      {
        "text": "tomorrow",
        "alias": "date",
        "meta": "@sys.date",
        "userDefined": false
      }
    ],
    "isTemplate": false,
    "count": 0
  },
  {
    "id": "d14e3df8-4a1b-48be-b79d-2630c8b8c27e",
    "data": [
      {
        "text": "what\u0027s airing ",
        "userDefined": false
      },
      {
        "text": "tomorrow",
        "alias": "date",
        "meta": "@sys.date",
        "userDefined": false
      }
    ],
    "isTemplate": false,
    "count": 0
  }
]