[
  {
    "id": "f987d9e4-17ce-4765-ad97-beb4e2878f10",
    "data": [
      {
        "text": "what\u0027s coming on ",
        "userDefined": false
      },
      {
        "text": "tomorrow",
        "alias": "date",
        "meta": "@sys.date",
        "userDefined": false
      }
    ],
    "isTemplate": false,
    "count": 1
  },
  {
    "id": "c519694a-0361-49c5-b3f4-3c049de9aab1",
    "data": [
      {
        "text": "what\u0027s new ",
        "userDefined": false
      },
      {
        "text": "tomorrow",
        "alias": "date",
        "meta": "@sys.date",
        "userDefined": false
      }
    ],
    "isTemplate": false,
    "count": 0
  },
  {
    "id": "62e00c64-9fdb-4d0e-84ef-a9d46e87caa3",
    "data": [
      {
        "text": "what anime is ",
        "userDefined": false
      },
      {
        "text": "on tomorrow",
        "alias": "date",
        "meta": "@sys.date",
        "userDefined": false
      }
    ],
    "isTemplate": false,
    "count": 0
  },
  {
    "id": "7feb746f-d4e6-4b16-92f8-ad84e2004bd7",
    "data": [
      {
        "text": "what\u0027s playing ",
        "userDefined": false
      },
      {
        "text": "tomorrow",
        "alias": "date",
        "meta": "@sys.date",
        "userDefined": false
      }
    ],
    "isTemplate": false,
    "count": 0
  },
  {
    "id": "7c3560a1-8704-4f1a-b4f9-fc7fb2984ce4",
    "data": [
      {
        "text": "what\u0027s airing ",
        "userDefined": false
      },
      {
        "text": "tomorrow",
        "alias": "date",
        "meta": "@sys.date",
        "userDefined": false
      }
    ],
    "isTemplate": false,
    "count": 0
  }
]