[
  {
    "id": "0d5320bd-6378-4928-9bbc-3131ddecae90",
    "data": [
      {
        "text": "any",
        "alias": "showName",
        "meta": "@sys.any",
        "userDefined": true
      },
      {
        "text": " description",
        "userDefined": false
      }
    ],
    "isTemplate": false,
    "count": 0
  },
  {
    "id": "388cee70-bd7b-4f1d-8750-943709c5c2f6",
    "data": [
      {
        "text": "what is the description of ",
        "userDefined": false
      },
      {
        "text": "any",
        "alias": "showName",
        "meta": "@sys.any",
        "userDefined": true
      }
    ],
    "isTemplate": false,
    "count": 0
  },
  {
    "id": "34f0928a-a79f-4bcf-9f95-749176b1d184",
    "data": [
      {
        "text": "what is ",
        "userDefined": false
      },
      {
        "text": "any",
        "alias": "showName",
        "meta": "@sys.any",
        "userDefined": true
      },
      {
        "text": " about",
        "userDefined": false
      }
    ],
    "isTemplate": false,
    "count": 0
  },
  {
    "id": "f8635e70-3160-49e2-84e0-310e9bef5fef",
    "data": [
      {
        "text": "tell me more about ",
        "userDefined": false
      },
      {
        "text": "any",
        "alias": "showName",
        "meta": "@sys.any",
        "userDefined": true
      }
    ],
    "isTemplate": false,
    "count": 0
  },
  {
    "id": "a4b1de00-296f-45b5-806c-0476d78f8795",
    "data": [
      {
        "text": "tell me about ",
        "userDefined": false
      },
      {
        "text": "any",
        "alias": "showName",
        "meta": "@sys.any",
        "userDefined": true
      }
    ],
    "isTemplate": false,
    "count": 0
  }
]