[
  {
    "id": "da61f8ef-1b8d-44d3-aba1-2e845c3520e2",
    "data": [
      {
        "text": "any",
        "alias": "showName",
        "meta": "@sys.any",
        "userDefined": true
      },
      {
        "text": " description",
        "userDefined": false
      }
    ],
    "isTemplate": false,
    "count": 0
  },
  {
    "id": "e5924d05-afd6-4e9b-a46c-06ce042f333e",
    "data": [
      {
        "text": "what is the description of ",
        "userDefined": false
      },
      {
        "text": "any",
        "alias": "showName",
        "meta": "@sys.any",
        "userDefined": true
      }
    ],
    "isTemplate": false,
    "count": 0
  },
  {
    "id": "acb5a7e9-21fc-44fb-8b30-570a411d543c",
    "data": [
      {
        "text": "what is ",
        "userDefined": false
      },
      {
        "text": "any",
        "alias": "showName",
        "meta": "@sys.any",
        "userDefined": true
      },
      {
        "text": " about",
        "userDefined": false
      }
    ],
    "isTemplate": false,
    "count": 0
  },
  {
    "id": "982d345f-0faf-438c-9197-43df75aa8cfa",
    "data": [
      {
        "text": "tell me more about ",
        "userDefined": false
      },
      {
        "text": "any",
        "alias": "showName",
        "meta": "@sys.any",
        "userDefined": true
      }
    ],
    "isTemplate": false,
    "count": 0
  },
  {
    "id": "9003a3ae-78bb-4747-9e54-49b587673459",
    "data": [
      {
        "text": "tell me about ",
        "userDefined": false
      },
      {
        "text": "any",
        "alias": "showName",
        "meta": "@sys.any",
        "userDefined": true
      }
    ],
    "isTemplate": false,
    "count": 0
  }
]