[
  {
    "id": "8baf3955-89ef-4f39-bd8c-9d7cc6176203",
    "data": [
      {
        "text": "good bye",
        "userDefined": false
      }
    ],
    "isTemplate": false,
    "count": 0
  },
  {
    "id": "f222c28d-03c6-412d-9115-c2bf9e20d601",
    "data": [
      {
        "text": "bye",
        "userDefined": false
      }
    ],
    "isTemplate": false,
    "count": 0
  },
  {
    "id": "fad1cce8-5570-4c97-9a29-4bc3a8f96caa",
    "data": [
      {
        "text": "goodbye",
        "userDefined": false
      }
    ],
    "isTemplate": false,
    "count": 0
  },
  {
    "id": "78e6fb6b-6500-45e6-bb88-84d9b611dd13",
    "data": [
      {
        "text": "no thank you",
        "userDefined": false
      }
    ],
    "isTemplate": false,
    "count": 0
  },
  {
    "id": "69047b9f-d0cd-41c9-ab5a-c91967418ac8",
    "data": [
      {
        "text": "nothing else",
        "userDefined": false
      }
    ],
    "isTemplate": false,
    "count": 0
  }
]