[
  {
    "id": "40d6c484-8c35-4294-a9a7-4113ad10655b",
    "data": [
      {
        "text": "good bye",
        "userDefined": false
      }
    ],
    "isTemplate": false,
    "count": 0
  },
  {
    "id": "31074cc2-eb35-4d7b-8c9e-cd940582ef32",
    "data": [
      {
        "text": "bye",
        "userDefined": false
      }
    ],
    "isTemplate": false,
    "count": 0
  },
  {
    "id": "9632c69f-4958-41bd-bb1b-65a724b22913",
    "data": [
      {
        "text": "goodbye",
        "userDefined": false
      }
    ],
    "isTemplate": false,
    "count": 0
  },
  {
    "id": "a685ff4b-4921-4427-81f0-504f7ed6c911",
    "data": [
      {
        "text": "no thank you",
        "userDefined": false
      }
    ],
    "isTemplate": false,
    "count": 0
  },
  {
    "id": "2b367e47-5596-43b7-9ad0-ce7901a01fda",
    "data": [
      {
        "text": "nothing else",
        "userDefined": false
      }
    ],
    "isTemplate": false,
    "count": 0
  }
]