[
  {
    "id": "1f12b942-ae52-40ac-b191-e718562a8d96",
    "data": [
      {
        "text": "good bye",
        "userDefined": false
      }
    ],
    "isTemplate": false,
    "count": 0
  },
  {
    "id": "9e64f6d4-d5c9-4f7d-acfd-3b8fe3c3ff27",
    "data": [
      {
        "text": "bye",
        "userDefined": false
      }
    ],
    "isTemplate": false,
    "count": 0
  },
  {
    "id": "80e532e6-d00b-4f18-aabc-44fcf0fea605",
    "data": [
      {
        "text": "goodbye",
        "userDefined": false
      }
    ],
    "isTemplate": false,
    "count": 0
  },
  {
    "id": "546ed299-7ace-4066-abfb-6a536f9c30d9",
    "data": [
      {
        "text": "no thank you",
        "userDefined": false
      }
    ],
    "isTemplate": false,
    "count": 0
  },
  {
    "id": "d54b6472-450d-465e-bd71-84373fde64ec",
    "data": [
      {
        "text": "nothing else",
        "userDefined": false
      }
    ],
    "isTemplate": false,
    "count": 0
  }
]