[
  {
    "id": "902ee542-fc12-415c-a759-e9f8f3b175f0",
    "data": [
      {
        "text": "good bye",
        "userDefined": false
      }
    ],
    "isTemplate": false,
    "count": 0
  },
  {
    "id": "46ec1d2f-39d2-4950-a3dc-1c152f30d5dc",
    "data": [
      {
        "text": "bye",
        "userDefined": false
      }
    ],
    "isTemplate": false,
    "count": 0
  },
  {
    "id": "e1296948-9823-4da3-ae27-1e66bfb5d0c5",
    "data": [
      {
        "text": "goodbye",
        "userDefined": false
      }
    ],
    "isTemplate": false,
    "count": 0
  },
  {
    "id": "26e172ed-6eb7-4d6c-8af6-f5fbabae74e2",
    "data": [
      {
        "text": "no thank you",
        "userDefined": false
      }
    ],
    "isTemplate": false,
    "count": 0
  },
  {
    "id": "1e2dd1aa-61f8-456e-a824-4cb97518a58c",
    "data": [
      {
        "text": "nothing else",
        "userDefined": false
      }
    ],
    "isTemplate": false,
    "count": 0
  }
]