[
  {
    "id": "8887abad-944f-4b2e-a1e5-81d59ce0a0a2",
    "data": [
      {
        "text": "please more",
        "userDefined": false
      }
    ],
    "isTemplate": false,
    "count": 0
  },
  {
    "id": "ffd8f49c-fed4-49a2-b376-7f1ec9ecb2e2",
    "data": [
      {
        "text": "more please",
        "userDefined": false
      }
    ],
    "isTemplate": false,
    "count": 0
  },
  {
    "id": "35c7f22c-499f-46ff-8b90-160e24481ae4",
    "data": [
      {
        "text": "tell me more",
        "userDefined": false
      }
    ],
    "isTemplate": false,
    "count": 0
  },
  {
    "id": "d264aca8-aa4b-44c9-9b21-097a8d194810",
    "data": [
      {
        "text": "more",
        "userDefined": false
      }
    ],
    "isTemplate": false,
    "count": 0
  }
]