[
  {
    "id": "e3373f5f-a3a3-4dfa-ac6a-a2e2446984b6",
    "data": [
      {
        "text": "please more",
        "userDefined": false
      }
    ],
    "isTemplate": false,
    "count": 0
  },
  {
    "id": "250e7acd-4122-4375-9919-7d56187f735c",
    "data": [
      {
        "text": "more please",
        "userDefined": false
      }
    ],
    "isTemplate": false,
    "count": 0
  },
  {
    "id": "5dd3e09d-f42f-440b-83fb-203f4a2e8505",
    "data": [
      {
        "text": "tell me more",
        "userDefined": false
      }
    ],
    "isTemplate": false,
    "count": 0
  },
  {
    "id": "5f7a9273-b9f0-445e-b9d9-a0ffe9dfa55b",
    "data": [
      {
        "text": "more",
        "userDefined": false
      }
    ],
    "isTemplate": false,
    "count": 0
  }
]