[
  {
    "id": "d870f2fe-5819-456e-a4a7-c765890f3aef",
    "data": [
      {
        "text": "Watching list random show",
        "userDefined": false
      }
    ],
    "isTemplate": false,
    "count": 0
  },
  {
    "id": "612cc115-5a45-4112-8702-1475a9fa52b5",
    "data": [
      {
        "text": "What series should I continue watching",
        "userDefined": false
      }
    ],
    "isTemplate": false,
    "count": 0
  },
  {
    "id": "f9fe0380-f913-4218-b9b3-337075742c86",
    "data": [
      {
        "text": "Give me a random show from my watching list",
        "userDefined": false
      }
    ],
    "isTemplate": false,
    "count": 0
  }
]