[
  {
    "id": "7f94d9f7-6847-40fd-9e9f-18b67d0ecede",
    "data": [
      {
        "text": "I want to watch something from my plan to watch",
        "userDefined": false
      }
    ],
    "isTemplate": false,
    "count": 0
  },
  {
    "id": "bb892cf7-b2c0-46a5-bb3a-6a5dc49edbcf",
    "data": [
      {
        "text": "Plan to watch random show",
        "userDefined": false
      }
    ],
    "isTemplate": false,
    "count": 0
  },
  {
    "id": "b9da1e4d-481b-42e8-a986-cdd946b39cb0",
    "data": [
      {
        "text": "Give me a random show from my plan to watch",
        "userDefined": false
      }
    ],
    "isTemplate": false,
    "count": 0
  }
]