[
  {
    "id": "a2d3293b-a9f3-4d63-a744-4a6efd0a08f4",
    "data": [
      {
        "text": "what\u0027s the rating of ",
        "userDefined": false
      },
      {
        "text": "berserk",
        "alias": "showName",
        "meta": "@sys.any",
        "userDefined": true
      }
    ],
    "isTemplate": false,
    "count": 0
  },
  {
    "id": "be7216e3-8bd7-4449-b72c-40424e3b2d15",
    "data": [
      {
        "text": "What\u0027s ",
        "userDefined": false
      },
      {
        "text": "Berserk",
        "alias": "showName",
        "meta": "@sys.any",
        "userDefined": true
      },
      {
        "text": "\u0027s rating?",
        "userDefined": false
      }
    ],
    "isTemplate": false,
    "count": 0
  },
  {
    "id": "806d4f9d-7f2d-4636-9ebe-8a02c96435af",
    "data": [
      {
        "text": "What score did people give ",
        "userDefined": false
      },
      {
        "text": "Dragonball Z",
        "alias": "showName",
        "meta": "@sys.any",
        "userDefined": true
      },
      {
        "text": "?",
        "userDefined": false
      }
    ],
    "isTemplate": false,
    "count": 0
  },
  {
    "id": "9248e156-6372-4621-8a78-7ad09a19fc88",
    "data": [
      {
        "text": "How much do people like ",
        "userDefined": false
      },
      {
        "text": "Kimetsu no Yaiba",
        "alias": "showName",
        "meta": "@sys.any",
        "userDefined": true
      },
      {
        "text": "?",
        "userDefined": false
      }
    ],
    "isTemplate": false,
    "count": 0
  },
  {
    "id": "3997025f-0045-4771-9111-491582c0e8be",
    "data": [
      {
        "text": "How good is ",
        "userDefined": false
      },
      {
        "text": "Jojo",
        "alias": "showName",
        "meta": "@sys.any",
        "userDefined": true
      },
      {
        "text": "?",
        "userDefined": false
      }
    ],
    "isTemplate": false,
    "count": 0
  }
]