[
  {
    "id": "623bb9f9-b75e-4f55-a3ce-9f6e36574a3f",
    "data": [
      {
        "text": "what\u0027s the rating of ",
        "userDefined": false
      },
      {
        "text": "berserk",
        "alias": "showName",
        "meta": "@sys.any",
        "userDefined": true
      }
    ],
    "isTemplate": false,
    "count": 0
  },
  {
    "id": "82c04518-fab3-4606-a314-d97c2b722bd4",
    "data": [
      {
        "text": "What\u0027s ",
        "userDefined": false
      },
      {
        "text": "Berserk",
        "alias": "showName",
        "meta": "@sys.any",
        "userDefined": true
      },
      {
        "text": "\u0027s rating?",
        "userDefined": false
      }
    ],
    "isTemplate": false,
    "count": 0
  },
  {
    "id": "9471fd45-768c-4d4b-b06f-b5e4ee7a09e5",
    "data": [
      {
        "text": "What score did people give ",
        "userDefined": false
      },
      {
        "text": "Dragonball Z",
        "alias": "showName",
        "meta": "@sys.any",
        "userDefined": true
      },
      {
        "text": "?",
        "userDefined": false
      }
    ],
    "isTemplate": false,
    "count": 0
  },
  {
    "id": "752c4f46-4575-4990-8484-47550c4adc2b",
    "data": [
      {
        "text": "How much do people like ",
        "userDefined": false
      },
      {
        "text": "Kimetsu no Yaiba",
        "alias": "showName",
        "meta": "@sys.any",
        "userDefined": true
      },
      {
        "text": "?",
        "userDefined": false
      }
    ],
    "isTemplate": false,
    "count": 0
  },
  {
    "id": "d90971c6-b205-4b0b-b6cd-e48545475c70",
    "data": [
      {
        "text": "How good is ",
        "userDefined": false
      },
      {
        "text": "Jojo",
        "alias": "showName",
        "meta": "@sys.any",
        "userDefined": true
      },
      {
        "text": "?",
        "userDefined": false
      }
    ],
    "isTemplate": false,
    "count": 0
  }
]