[
  {
    "id": "1a1d8d4b-b6fd-4823-b1da-9dcf5a724261",
    "data": [
      {
        "text": "what\u0027s the rating of ",
        "userDefined": false
      },
      {
        "text": "berserk",
        "alias": "showName",
        "meta": "@sys.any",
        "userDefined": true
      }
    ],
    "isTemplate": false,
    "count": 0
  },
  {
    "id": "79c83e07-4a02-43ba-821f-914179dd9e3d",
    "data": [
      {
        "text": "What\u0027s ",
        "userDefined": false
      },
      {
        "text": "Berserk",
        "alias": "showName",
        "meta": "@sys.any",
        "userDefined": true
      },
      {
        "text": "\u0027s rating?",
        "userDefined": false
      }
    ],
    "isTemplate": false,
    "count": 0
  },
  {
    "id": "16096de0-fc85-4ef3-8dfa-85d2fbdbab27",
    "data": [
      {
        "text": "What score did people give ",
        "userDefined": false
      },
      {
        "text": "Dragonball Z",
        "alias": "showName",
        "meta": "@sys.any",
        "userDefined": true
      },
      {
        "text": "?",
        "userDefined": false
      }
    ],
    "isTemplate": false,
    "count": 0
  },
  {
    "id": "ac044aa1-64b8-4f45-9644-00a96dbdc393",
    "data": [
      {
        "text": "How much do people like ",
        "userDefined": false
      },
      {
        "text": "Kimetsu no Yaiba",
        "alias": "showName",
        "meta": "@sys.any",
        "userDefined": true
      },
      {
        "text": "?",
        "userDefined": false
      }
    ],
    "isTemplate": false,
    "count": 0
  },
  {
    "id": "88a3b919-a26e-4126-b232-b6f33f21fbca",
    "data": [
      {
        "text": "How good is ",
        "userDefined": false
      },
      {
        "text": "Jojo",
        "alias": "showName",
        "meta": "@sys.any",
        "userDefined": true
      },
      {
        "text": "?",
        "userDefined": false
      }
    ],
    "isTemplate": false,
    "count": 0
  }
]