[
  {
    "id": "83c443d4-b44e-4a22-9c81-b10f615eeeda",
    "data": [
      {
        "text": "say again",
        "userDefined": false
      }
    ],
    "isTemplate": false,
    "count": 0
  },
  {
    "id": "bea9a057-55f6-4f10-87b6-7559c92549f3",
    "data": [
      {
        "text": "again please",
        "userDefined": false
      }
    ],
    "isTemplate": false,
    "count": 1
  },
  {
    "id": "227d2039-e056-4618-8b6d-0ee9138fb72f",
    "data": [
      {
        "text": "say it again",
        "userDefined": false
      }
    ],
    "isTemplate": false,
    "count": 0
  },
  {
    "id": "dc63eb0e-fc5e-4d39-8f39-bb30ab3257ae",
    "data": [
      {
        "text": "i can\u0027t hear you",
        "userDefined": false
      }
    ],
    "isTemplate": false,
    "count": 0
  },
  {
    "id": "617fcf18-ea09-42fb-b4af-24772063b4d2",
    "data": [
      {
        "text": "i didn\u0027t hear you",
        "userDefined": false
      }
    ],
    "isTemplate": false,
    "count": 0
  },
  {
    "id": "127462bd-efb3-457d-b125-e0400cbc5a9e",
    "data": [
      {
        "text": "can you repeat that",
        "userDefined": false
      }
    ],
    "isTemplate": false,
    "count": 0
  },
  {
    "id": "3908e7b7-6e2f-41a0-baec-99f2852979f1",
    "data": [
      {
        "text": "can you repeat",
        "userDefined": false
      }
    ],
    "isTemplate": false,
    "count": 0
  },
  {
    "id": "9bed52bf-d492-4957-8e3b-fc69e551bf1b",
    "data": [
      {
        "text": "repeat",
        "userDefined": false
      }
    ],
    "isTemplate": false,
    "count": 0
  },
  {
    "id": "d4e45705-519e-4824-bd4c-ff9ae597cbef",
    "data": [
      {
        "text": "please repeat",
        "userDefined": false
      }
    ],
    "isTemplate": false,
    "count": 0
  },
  {
    "id": "5fe41300-1a8e-4de8-bf77-914a8209024d",
    "data": [
      {
        "text": "repeat please",
        "userDefined": false
      }
    ],
    "isTemplate": false,
    "count": 0
  },
  {
    "id": "bad828cd-c0e0-41c3-916b-6522eaf1f2d0",
    "data": [
      {
        "text": "can you please repeat that",
        "userDefined": false
      }
    ],
    "isTemplate": false,
    "count": 0
  }
]