[
  {
    "id": "44922612-55cf-4b0c-8763-d1139a532bef",
    "data": [
      {
        "text": "say again",
        "userDefined": false
      }
    ],
    "isTemplate": false,
    "count": 0
  },
  {
    "id": "6095cb66-04a8-4e27-811d-10838d989522",
    "data": [
      {
        "text": "again please",
        "userDefined": false
      }
    ],
    "isTemplate": false,
    "count": 1
  },
  {
    "id": "eebd3ac0-caeb-4b02-b28f-df38baedc6c8",
    "data": [
      {
        "text": "say it again",
        "userDefined": false
      }
    ],
    "isTemplate": false,
    "count": 0
  },
  {
    "id": "35265fee-2b0a-45ec-8bc8-7e302bb940f8",
    "data": [
      {
        "text": "i can\u0027t hear you",
        "userDefined": false
      }
    ],
    "isTemplate": false,
    "count": 0
  },
  {
    "id": "2baa732a-bd11-49a2-a320-1ec17ac26d35",
    "data": [
      {
        "text": "i didn\u0027t hear you",
        "userDefined": false
      }
    ],
    "isTemplate": false,
    "count": 0
  },
  {
    "id": "f697cbde-c6f2-4ddd-9a6d-0eb010995d18",
    "data": [
      {
        "text": "can you repeat that",
        "userDefined": false
      }
    ],
    "isTemplate": false,
    "count": 0
  },
  {
    "id": "ea815e8a-a251-4310-877e-61be9d7fed71",
    "data": [
      {
        "text": "can you repeat",
        "userDefined": false
      }
    ],
    "isTemplate": false,
    "count": 0
  },
  {
    "id": "168671f2-d3dd-4bb9-964e-466dbb9d687a",
    "data": [
      {
        "text": "repeat",
        "userDefined": false
      }
    ],
    "isTemplate": false,
    "count": 0
  },
  {
    "id": "26ef780b-9ca3-49fa-a160-9bbed60cf66c",
    "data": [
      {
        "text": "please repeat",
        "userDefined": false
      }
    ],
    "isTemplate": false,
    "count": 0
  },
  {
    "id": "54708e72-2f24-4faa-ad15-4605c911f522",
    "data": [
      {
        "text": "repeat please",
        "userDefined": false
      }
    ],
    "isTemplate": false,
    "count": 0
  },
  {
    "id": "80d67520-1dc1-4091-b58f-854a3c094568",
    "data": [
      {
        "text": "can you please repeat that",
        "userDefined": false
      }
    ],
    "isTemplate": false,
    "count": 0
  }
]