[
  {
    "id": "b83c46ca-df4a-4c88-807e-e2e815873886",
    "data": [
      {
        "text": "say again",
        "userDefined": false
      }
    ],
    "isTemplate": false,
    "count": 0
  },
  {
    "id": "d0d62d70-a377-4f7e-8343-9d370a18fd72",
    "data": [
      {
        "text": "again please",
        "userDefined": false
      }
    ],
    "isTemplate": false,
    "count": 1
  },
  {
    "id": "8ff0be87-c7b9-4d8d-84da-7d82f697872f",
    "data": [
      {
        "text": "say it again",
        "userDefined": false
      }
    ],
    "isTemplate": false,
    "count": 0
  },
  {
    "id": "17b65656-fe3d-4c3a-8e13-d540e974e6ae",
    "data": [
      {
        "text": "i can\u0027t hear you",
        "userDefined": false
      }
    ],
    "isTemplate": false,
    "count": 0
  },
  {
    "id": "0022c0ab-f28a-430e-a5ac-ad36d0f0335f",
    "data": [
      {
        "text": "i didn\u0027t hear you",
        "userDefined": false
      }
    ],
    "isTemplate": false,
    "count": 0
  },
  {
    "id": "d7f80a67-f0ba-45e4-af34-6e2ee3c27545",
    "data": [
      {
        "text": "can you repeat that",
        "userDefined": false
      }
    ],
    "isTemplate": false,
    "count": 0
  },
  {
    "id": "d939ce16-58b7-4792-8b20-bc7dfdabf772",
    "data": [
      {
        "text": "can you repeat",
        "userDefined": false
      }
    ],
    "isTemplate": false,
    "count": 0
  },
  {
    "id": "d33dd113-f31e-429c-aff7-05f206627a7c",
    "data": [
      {
        "text": "repeat",
        "userDefined": false
      }
    ],
    "isTemplate": false,
    "count": 0
  },
  {
    "id": "ff8f441c-d752-40f8-b7a9-5d6b27e37858",
    "data": [
      {
        "text": "please repeat",
        "userDefined": false
      }
    ],
    "isTemplate": false,
    "count": 0
  },
  {
    "id": "304535ed-5668-409c-b639-bc72058bc6af",
    "data": [
      {
        "text": "repeat please",
        "userDefined": false
      }
    ],
    "isTemplate": false,
    "count": 0
  },
  {
    "id": "42f79ba9-5a51-4e8c-95a2-f5d6676abffb",
    "data": [
      {
        "text": "can you please repeat that",
        "userDefined": false
      }
    ],
    "isTemplate": false,
    "count": 0
  }
]