[
  {
    "id": "88601b1c-428f-4165-8faa-95a3caa1d7f8",
    "data": [
      {
        "text": "say again",
        "userDefined": false
      }
    ],
    "isTemplate": false,
    "count": 0
  },
  {
    "id": "c2c3951d-ff41-45d5-8350-98b8a00831c6",
    "data": [
      {
        "text": "again please",
        "userDefined": false
      }
    ],
    "isTemplate": false,
    "count": 1
  },
  {
    "id": "dcef37b4-2de8-477c-bfb2-d4a2b3767040",
    "data": [
      {
        "text": "say it again",
        "userDefined": false
      }
    ],
    "isTemplate": false,
    "count": 0
  },
  {
    "id": "007d7456-5b14-4150-bd39-3e0f749e335a",
    "data": [
      {
        "text": "i can\u0027t hear you",
        "userDefined": false
      }
    ],
    "isTemplate": false,
    "count": 0
  },
  {
    "id": "e4de2d0a-d829-4b74-9a91-104bc03f64bb",
    "data": [
      {
        "text": "i didn\u0027t hear you",
        "userDefined": false
      }
    ],
    "isTemplate": false,
    "count": 0
  },
  {
    "id": "e428742e-50a3-4798-9db7-de34a18961e5",
    "data": [
      {
        "text": "can you repeat that",
        "userDefined": false
      }
    ],
    "isTemplate": false,
    "count": 0
  },
  {
    "id": "e391aadd-5da9-4d7e-8739-19716e549cf1",
    "data": [
      {
        "text": "can you repeat",
        "userDefined": false
      }
    ],
    "isTemplate": false,
    "count": 0
  },
  {
    "id": "ff47fa01-3eba-48e4-ae16-1a6906442bd6",
    "data": [
      {
        "text": "repeat",
        "userDefined": false
      }
    ],
    "isTemplate": false,
    "count": 0
  },
  {
    "id": "e52f3931-6fff-4f8a-b0a9-646f0d1ede86",
    "data": [
      {
        "text": "please repeat",
        "userDefined": false
      }
    ],
    "isTemplate": false,
    "count": 0
  },
  {
    "id": "0235c153-eec4-4c21-a1e2-31e00963b4ff",
    "data": [
      {
        "text": "repeat please",
        "userDefined": false
      }
    ],
    "isTemplate": false,
    "count": 0
  },
  {
    "id": "ce1edebd-090c-49b0-bead-d3286e92b6d5",
    "data": [
      {
        "text": "can you please repeat that",
        "userDefined": false
      }
    ],
    "isTemplate": false,
    "count": 0
  }
]