[
  {
    "id": "f46c623a-397a-4ffa-bb04-eff3f2f8a1be",
    "data": [
      {
        "text": "Score of ",
        "userDefined": false
      },
      {
        "text": "show",
        "alias": "showName",
        "meta": "@sys.any",
        "userDefined": true
      },
      {
        "text": "?",
        "userDefined": false
      }
    ],
    "isTemplate": false,
    "count": 0
  },
  {
    "id": "505b8db7-8240-4e36-8220-0b72d540bf98",
    "data": [
      {
        "text": "What did I rate ",
        "userDefined": false
      },
      {
        "text": "show",
        "alias": "showName",
        "meta": "@sys.any",
        "userDefined": true
      },
      {
        "text": "?",
        "userDefined": false
      }
    ],
    "isTemplate": false,
    "count": 0
  }
]