[
  {
    "id": "aa4fe4ff-71ab-48bd-b4b1-125f2c731764",
    "data": [
      {
        "text": "Connect ",
        "userDefined": false
      },
      {
        "text": "username",
        "alias": "username",
        "meta": "@sys.any",
        "userDefined": true
      }
    ],
    "isTemplate": false,
    "count": 0
  },
  {
    "id": "a306e3b8-12e5-4689-966c-f80f23682396",
    "data": [
      {
        "text": "Connect to my anime list account ",
        "userDefined": false
      },
      {
        "text": "username",
        "alias": "username",
        "meta": "@sys.any",
        "userDefined": true
      }
    ],
    "isTemplate": false,
    "count": 0
  },
  {
    "id": "ee5712ad-6bd9-47f9-867d-5e0ddd3e02e0",
    "data": [
      {
        "text": "Sync with my anime list account ",
        "userDefined": false
      },
      {
        "text": "username",
        "alias": "username",
        "meta": "@sys.any",
        "userDefined": true
      }
    ],
    "isTemplate": false,
    "count": 0
  }
]