[
  {
    "id": "98e8f070-23a1-4d98-b35e-058f0e3313f3",
    "data": [
      {
        "text": "thank you!",
        "userDefined": false
      }
    ],
    "isTemplate": false,
    "count": 0
  },
  {
    "id": "c26d8e60-cca3-47ef-a978-f65cfbfc5894",
    "data": [
      {
        "text": "thank you!!",
        "userDefined": false
      }
    ],
    "isTemplate": false,
    "count": 0
  },
  {
    "id": "63fff0de-2127-439b-9298-f90f920ba470",
    "data": [
      {
        "text": "thank you so much",
        "userDefined": false
      }
    ],
    "isTemplate": false,
    "count": 0
  },
  {
    "id": "b9dd0e0a-5ff4-41c1-b7e4-17a478988cc3",
    "data": [
      {
        "text": "thanks so much",
        "userDefined": false
      }
    ],
    "isTemplate": false,
    "count": 0
  },
  {
    "id": "48353c7c-03d6-4bbe-84ce-b4bd38b7a02f",
    "data": [
      {
        "text": "thank",
        "userDefined": false
      }
    ],
    "isTemplate": false,
    "count": 0
  },
  {
    "id": "ef2f558f-37d1-487e-b252-e6124c7b662c",
    "data": [
      {
        "text": "thanks",
        "userDefined": false
      }
    ],
    "isTemplate": false,
    "count": 0
  },
  {
    "id": "b837effa-b9fc-4434-9688-e11e47f83f1a",
    "data": [
      {
        "text": "thank you",
        "userDefined": false
      }
    ],
    "isTemplate": false,
    "count": 0
  }
]