[
  {
    "id": "b615a65a-1e82-4494-a462-0fb6470d77cc",
    "data": [
      {
        "text": "thank you!",
        "userDefined": false
      }
    ],
    "isTemplate": false,
    "count": 0
  },
  {
    "id": "8fc3cbc0-b33f-465b-bdb5-fdbfbf33b5ab",
    "data": [
      {
        "text": "thank you!!",
        "userDefined": false
      }
    ],
    "isTemplate": false,
    "count": 0
  },
  {
    "id": "95ecd9eb-267b-4a89-adcf-785c97581fc2",
    "data": [
      {
        "text": "thank you so much",
        "userDefined": false
      }
    ],
    "isTemplate": false,
    "count": 0
  },
  {
    "id": "cc95b6a6-67b9-4066-b3b7-7d29caa58638",
    "data": [
      {
        "text": "thanks so much",
        "userDefined": false
      }
    ],
    "isTemplate": false,
    "count": 0
  },
  {
    "id": "46e4559b-f2de-4324-ba42-add5121e35d8",
    "data": [
      {
        "text": "thank",
        "userDefined": false
      }
    ],
    "isTemplate": false,
    "count": 0
  },
  {
    "id": "ad1fa4d9-cef4-4e20-8185-0754a8eda395",
    "data": [
      {
        "text": "thanks",
        "userDefined": false
      }
    ],
    "isTemplate": false,
    "count": 0
  },
  {
    "id": "35dd5daa-9792-45ed-94f4-74801b1ecd92",
    "data": [
      {
        "text": "thank you",
        "userDefined": false
      }
    ],
    "isTemplate": false,
    "count": 0
  }
]