[
  {
    "id": "ab43c7da-6360-40c8-8d44-cb816669583e",
    "data": [
      {
        "text": "thank you!",
        "userDefined": false
      }
    ],
    "isTemplate": false,
    "count": 0
  },
  {
    "id": "ba89df71-7563-47f2-ae21-962b45440365",
    "data": [
      {
        "text": "thank you!!",
        "userDefined": false
      }
    ],
    "isTemplate": false,
    "count": 0
  },
  {
    "id": "54f7e75b-a528-41bc-b620-42cd91d70ada",
    "data": [
      {
        "text": "thank you so much",
        "userDefined": false
      }
    ],
    "isTemplate": false,
    "count": 0
  },
  {
    "id": "6855105a-02fc-47ad-ba1d-cb35c6c2e811",
    "data": [
      {
        "text": "thanks so much",
        "userDefined": false
      }
    ],
    "isTemplate": false,
    "count": 0
  },
  {
    "id": "a1b9614b-cbf4-4711-b201-95096f2e3215",
    "data": [
      {
        "text": "thank",
        "userDefined": false
      }
    ],
    "isTemplate": false,
    "count": 0
  },
  {
    "id": "12e2fde5-8c96-476f-9bca-d363451d73ca",
    "data": [
      {
        "text": "thanks",
        "userDefined": false
      }
    ],
    "isTemplate": false,
    "count": 0
  },
  {
    "id": "79fcc029-477e-45b1-8dad-4151959c327b",
    "data": [
      {
        "text": "thank you",
        "userDefined": false
      }
    ],
    "isTemplate": false,
    "count": 0
  }
]