[
  {
    "id": "634c9736-e7df-444f-bea0-1e4a83fe4e32",
    "data": [
      {
        "text": "thank you!",
        "userDefined": false
      }
    ],
    "isTemplate": false,
    "count": 0
  },
  {
    "id": "f7e044af-557b-4d35-85ef-a5eebb3d6a02",
    "data": [
      {
        "text": "thank you!!",
        "userDefined": false
      }
    ],
    "isTemplate": false,
    "count": 0
  },
  {
    "id": "09158a8d-5eb3-4f68-9f5e-bd822125c9f1",
    "data": [
      {
        "text": "thank you so much",
        "userDefined": false
      }
    ],
    "isTemplate": false,
    "count": 0
  },
  {
    "id": "1f853a12-8fbd-4db1-a664-cfebf88dafea",
    "data": [
      {
        "text": "thanks so much",
        "userDefined": false
      }
    ],
    "isTemplate": false,
    "count": 0
  },
  {
    "id": "462de2e7-a7d0-4820-9866-50e8c3f9ca8a",
    "data": [
      {
        "text": "thank",
        "userDefined": false
      }
    ],
    "isTemplate": false,
    "count": 0
  },
  {
    "id": "256ea52d-023c-49de-8071-003a627790c1",
    "data": [
      {
        "text": "thanks",
        "userDefined": false
      }
    ],
    "isTemplate": false,
    "count": 0
  },
  {
    "id": "1397b91c-b705-4d51-ba9d-51201335bdfc",
    "data": [
      {
        "text": "thank you",
        "userDefined": false
      }
    ],
    "isTemplate": false,
    "count": 0
  }
]