[
  {
    "id": "4256b404-d8b6-4e5f-b6cf-82b6884b308c",
    "data": [
      {
        "text": "Top ",
        "userDefined": false
      },
      {
        "text": "5",
        "alias": "number",
        "meta": "@sys.number-integer",
        "userDefined": false
      },
      {
        "text": " anime now",
        "userDefined": false
      }
    ],
    "isTemplate": false,
    "count": 0
  },
  {
    "id": "aa8b96c5-2c91-41bb-a4b0-ccd370935a31",
    "data": [
      {
        "text": "Top ",
        "userDefined": false
      },
      {
        "text": "5",
        "alias": "number",
        "meta": "@sys.number-integer",
        "userDefined": false
      },
      {
        "text": " anime this season",
        "userDefined": false
      }
    ],
    "isTemplate": false,
    "count": 0
  },
  {
    "id": "0a6d59d6-9ea5-4dbe-bd7e-e5b3b8791428",
    "data": [
      {
        "text": "Tell me the top ",
        "userDefined": false
      },
      {
        "text": "10",
        "alias": "number",
        "meta": "@sys.number-integer",
        "userDefined": false
      },
      {
        "text": " anime airing now",
        "userDefined": false
      }
    ],
    "isTemplate": false,
    "count": 0
  },
  {
    "id": "9dcf20c2-db7c-4f24-8f95-8b29d8b39014",
    "data": [
      {
        "text": "What\u0027s the top",
        "userDefined": false
      },
      {
        "text": " 5",
        "alias": "number",
        "meta": "@sys.number-integer",
        "userDefined": true
      },
      {
        "text": " anime this season",
        "userDefined": false
      }
    ],
    "isTemplate": false,
    "count": 0
  }
]