[
  {
    "id": "6bf52334-ce84-4b92-901c-aa47127e281a",
    "data": [
      {
        "text": "Top ",
        "userDefined": false
      },
      {
        "text": "5",
        "alias": "number",
        "meta": "@sys.number-integer",
        "userDefined": false
      },
      {
        "text": " anime now",
        "userDefined": false
      }
    ],
    "isTemplate": false,
    "count": 0
  },
  {
    "id": "959a4f96-f0bf-44c2-9864-113ce7b87de4",
    "data": [
      {
        "text": "Top ",
        "userDefined": false
      },
      {
        "text": "5",
        "alias": "number",
        "meta": "@sys.number-integer",
        "userDefined": false
      },
      {
        "text": " anime this season",
        "userDefined": false
      }
    ],
    "isTemplate": false,
    "count": 0
  },
  {
    "id": "57f294e4-0e35-45ed-a4ac-f2a3b2f19164",
    "data": [
      {
        "text": "Tell me the top ",
        "userDefined": false
      },
      {
        "text": "10",
        "alias": "number",
        "meta": "@sys.number-integer",
        "userDefined": false
      },
      {
        "text": " anime airing now",
        "userDefined": false
      }
    ],
    "isTemplate": false,
    "count": 0
  },
  {
    "id": "242fe9ab-15f1-4494-9fbf-e673f21ab5ff",
    "data": [
      {
        "text": "What\u0027s the top",
        "userDefined": false
      },
      {
        "text": " 5",
        "alias": "number",
        "meta": "@sys.number-integer",
        "userDefined": true
      },
      {
        "text": " anime this season",
        "userDefined": false
      }
    ],
    "isTemplate": false,
    "count": 0
  }
]