[
  {
    "id": "add2853e-4367-4a20-9f57-25e4aedb3fe1",
    "data": [
      {
        "text": "Top ",
        "userDefined": false
      },
      {
        "text": "5",
        "alias": "number",
        "meta": "@sys.number-integer",
        "userDefined": false
      },
      {
        "text": " anime now",
        "userDefined": false
      }
    ],
    "isTemplate": false,
    "count": 0
  },
  {
    "id": "15bf421c-310b-47c4-a0e9-2c170fb90f0f",
    "data": [
      {
        "text": "Top ",
        "userDefined": false
      },
      {
        "text": "5",
        "alias": "number",
        "meta": "@sys.number-integer",
        "userDefined": false
      },
      {
        "text": " anime this season",
        "userDefined": false
      }
    ],
    "isTemplate": false,
    "count": 0
  },
  {
    "id": "bfe1c26a-954a-47be-802b-27eb863f9ab2",
    "data": [
      {
        "text": "Tell me the top ",
        "userDefined": false
      },
      {
        "text": "10",
        "alias": "number",
        "meta": "@sys.number-integer",
        "userDefined": false
      },
      {
        "text": " anime airing now",
        "userDefined": false
      }
    ],
    "isTemplate": false,
    "count": 0
  },
  {
    "id": "9bc8070c-136a-4528-bc75-f2e6cf3c76bd",
    "data": [
      {
        "text": "What\u0027s the top",
        "userDefined": false
      },
      {
        "text": " 5",
        "alias": "number",
        "meta": "@sys.number-integer",
        "userDefined": true
      },
      {
        "text": " anime this season",
        "userDefined": false
      }
    ],
    "isTemplate": false,
    "count": 0
  }
]