[
  {
    "id": "9af9bec0-7417-4ed1-9fc7-52c6756583cb",
    "data": [
      {
        "text": "What day does ",
        "userDefined": false
      },
      {
        "text": "any",
        "alias": "showName",
        "meta": "@sys.any",
        "userDefined": true
      },
      {
        "text": " come out?",
        "userDefined": false
      }
    ],
    "isTemplate": false,
    "count": 0
  },
  {
    "id": "0ae9e035-f37f-4702-8be9-41b2ebb177a4",
    "data": [
      {
        "text": "How long until the next episode of ",
        "userDefined": false
      },
      {
        "text": "Jojo",
        "alias": "showName",
        "meta": "@sys.any",
        "userDefined": true
      },
      {
        "text": "?",
        "userDefined": false
      }
    ],
    "isTemplate": false,
    "count": 0
  },
  {
    "id": "cdbada7b-00bf-49b7-bec5-99babb6be467",
    "data": [
      {
        "text": "When is ",
        "userDefined": false
      },
      {
        "text": "Kimetsu no Yaiba",
        "alias": "showName",
        "meta": "@sys.any",
        "userDefined": true
      },
      {
        "text": " coming out ",
        "userDefined": false
      },
      {
        "text": "this week",
        "meta": "@sys.ignore",
        "userDefined": false
      },
      {
        "text": "?",
        "userDefined": false
      }
    ],
    "isTemplate": false,
    "count": 0
  }
]