[
  {
    "id": "5d5f256c-9e35-4f0b-9833-c2a86cbb1b49",
    "data": [
      {
        "text": "What day does ",
        "userDefined": false
      },
      {
        "text": "any",
        "alias": "showName",
        "meta": "@sys.any",
        "userDefined": true
      },
      {
        "text": " come out?",
        "userDefined": false
      }
    ],
    "isTemplate": false,
    "count": 0
  },
  {
    "id": "7f8f334c-6f3b-4fa3-ae4d-dfde8502db3d",
    "data": [
      {
        "text": "How long until the next episode of ",
        "userDefined": false
      },
      {
        "text": "Jojo",
        "alias": "showName",
        "meta": "@sys.any",
        "userDefined": true
      },
      {
        "text": "?",
        "userDefined": false
      }
    ],
    "isTemplate": false,
    "count": 0
  },
  {
    "id": "f7422103-66a9-496b-909c-71c0ac51affe",
    "data": [
      {
        "text": "When is ",
        "userDefined": false
      },
      {
        "text": "Kimetsu no Yaiba",
        "alias": "showName",
        "meta": "@sys.any",
        "userDefined": true
      },
      {
        "text": " coming out ",
        "userDefined": false
      },
      {
        "text": "this week",
        "meta": "@sys.ignore",
        "userDefined": false
      },
      {
        "text": "?",
        "userDefined": false
      }
    ],
    "isTemplate": false,
    "count": 0
  }
]