[
  {
    "id": "c122e24a-de45-441b-acf9-54af4fcf4b0c",
    "data": [
      {
        "text": "What day does ",
        "userDefined": false
      },
      {
        "text": "any",
        "alias": "showName",
        "meta": "@sys.any",
        "userDefined": true
      },
      {
        "text": " come out?",
        "userDefined": false
      }
    ],
    "isTemplate": false,
    "count": 0
  },
  {
    "id": "b8a449d3-5f04-4cfc-950a-a49c826f7b38",
    "data": [
      {
        "text": "How long until the next episode of ",
        "userDefined": false
      },
      {
        "text": "Jojo",
        "alias": "showName",
        "meta": "@sys.any",
        "userDefined": true
      },
      {
        "text": "?",
        "userDefined": false
      }
    ],
    "isTemplate": false,
    "count": 0
  },
  {
    "id": "a6ff9734-103a-4006-a92a-36608200c2c0",
    "data": [
      {
        "text": "When is ",
        "userDefined": false
      },
      {
        "text": "Kimetsu no Yaiba",
        "alias": "showName",
        "meta": "@sys.any",
        "userDefined": true
      },
      {
        "text": " coming out ",
        "userDefined": false
      },
      {
        "text": "this week",
        "meta": "@sys.ignore",
        "userDefined": false
      },
      {
        "text": "?",
        "userDefined": false
      }
    ],
    "isTemplate": false,
    "count": 0
  }
]